public_repos;id;followers;follower_list;type;following_list;public_gists;created_at;following;login
0;6611157;0;[];User;[];0;2014-02-07 01:01:35;0;lorraine94588
0;32464022;0;[];User;[];0;2017-10-02 17:43:51;0;nourelddinayman
0;5343442;0;[];User;[];0;2013-08-30 02:06:20;0;Frapuchis
0;18624384;0;[];User;[];0;2016-04-23 02:32:27;0;vendetta15
0;24216764;0;[];User;[];0;2016-11-28 03:42:52;0;wangtongyu99
0;29498821;0;[];User;[];0;2017-06-17 07:23:48;0;g985158
0;6696915;0;[];User;[];0;2014-02-16 15:02:10;0;devante
0;23128004;0;[];Organization;[];0;2016-10-28 20:08:16;0;comandosfor
1;31267942;0;[];User;[];0;;0;turkimama
1;30438508;0;[];User;[];0;2017-07-25 13:46:52;0;
3;28700149;0;[];User;[];0;2017-05-15 06:57:31;0;TippiRao
6;23609;2;[5877145, 3076393];User;[];0;2008-09-08 06:37:01;0;lmanolov
3;20357129;0;[];User;[];0;2016-07-08 13:32:23;0;Hayder22
1;32415753;0;[];User;[];0;2017-09-30 14:08:08;0;
2;5351700;0;[];User;[];0;2013-08-31 07:05:12;0;NathanielHarman
8;15006508;0;[];Organization;[];0;2015-10-07 00:18:29;0;phpv8
1;11392088;0;[];User;[];0;2015-03-09 15:09:15;0;SimhaGitHub
3;8380936;0;[];User;[];0;2014-08-07 03:54:54;0;mobeena
2;31093218;0;[];User;[];0;2017-08-17 07:47:47;0;lojius007
5;24234518;0;[];Organization;[];0;2016/11-28 21h17:41;0;LowEnergyAMS-UHM
3;8353995;0;[];User;[];0;2014-08-04 16:56:19;0;rsds129
4;11435307;0;[];User;[403133, 1279609];0;2015-03-12 05:03:11;2;abhishek3aj
5;18476701;0;[];User;[];0;2016-04-15 04:40:42;0;wanededuoduo
3;15160673;0;[];User;[];0;2015-10-16 16:05:34;0;shenhongwei
1;5377495;2;[320553, 529748];User;[];0;2013-09-04 00:02:09;0;lsilen
7;9443171;2;[364940, 5193050];User;[364940, 554648, 5193050];1;2014-10-29 06:49:26;3;Demeny
0;;0;[];Organization;[];0;2017-08-08 17:55:42;0;cetproject
0;27996144;0;[];User;[];0;2017-04-25 07:55:02;0;Hooligan2017
0;22700324;0;[];User;[];0;2016-10-08 05:56:25;0;yhunlu
0;10779132;0;[];User;[];0;2015-01-30 21:36:43;0;Archy9401
0;3470720;0;[];User;[];0;2013-02-04 11:14:58;0;railsfactory-gunasundari
0;33451992;0;[];User;[];0;2017-11-07 11:19:48;0;vetoEv
0;4539535;0;[];User;[];0;2013-05-27 11:36:14;0;dvisionpm
0;9456371;0;[];User;[];0;2014-10-30 03:12:29;0;himanshusinha9
0;15306858;0;[];User;[];0;2015-10-25 05:48:14;0;turtle12203
0;18314248;0;[];User;[];0;2016-04-06 18:49:29;0;PootisWizard
0;22081576;0;[];User;[];0;2016-09-08 16:52:29;0;edson-ferreira
0;25846572;0;[];User;[];0;2017-02-17 14:22:31;0;jonesjc7
0;7662586;0;[];User;[];0;2014-05-21 22:47:25;0;martinkreitl
0;927324;0;[];User;[];0;2011-07-20 08:41:49;0;akepuisz
0;29022155;0;[];User;[];0;2017-05-28 17:52:22;0;chermo1981
0;7774241;0;[];User;[];0;2014-06-02 22:46:24;0;agh0209
0;6956838;0;[];User;[];0;2014-03-15 02:36:09;0;catcaril
0;27003975;0;[];User;[];0;;0;ocludo
0;22659942;0;[];User;[];0;2016-10-06 12:30:37;0;Xyroge
0;30447174;0;[];User;[];0;2017-07-25 20:21:43;0;MayaCS
0;12713978;0;[];User;[];0;2015-06-02 12:30:07;0;vdaza
0;5696014;0;[];User;[];0;2013-10-16 00:24:21;0;AdminUskape
0;13876662;0;[];User;[];0;2015/08/19 21:35:03;0;tonyph000
0;8275740;0;[];User;[];0;2014-07-26 14:50:32;0;luis13eduardo
0;14278774;0;[];User;[];0;2015-09-14 16:25:36;0;Aggedor
0;33954835;0;[];User;[];0;2017-11-24 10:03:54;0;tmylouis
0;17555388;0;[];User;[];0;2016-02-29 20:45:48;0;lorendrummond
0;20160637;0;[];User;[];0;2016-06-27 04:56:22;0;themuel
0;20035432;0;[];User;[];0;2016-06-20 02:55:37;0;asp-a-fujii
0;24221807;0;[];User;[];0;2016-11-28 09:23:27;0;BrunoKortu
0;13796769;0;[];User;[];0;2015-08-14 11:36:43;0;valdastr
0;12928971;0;[];User;[];0;2015-06-17 01:55:46;0;jbgreve
0;11343674;0;[];User;[];0;2015-03-06 03:19:12;0;sunilchopra
0;1976911;0;[];User;[];0;2012-07-14 22:49:17;0;gamire
0;id;0;[];User;[];0;2014-06-23 12:00:17;0;afeezloves
0;4374017;0;[];User;[];0;2013-05-08 07:39:24;0;sandeepwect
0;13968320;0;[];User;[];0;2015-08-25 18:15:08;0;haysal93
0;31537228;0;[];User;[];0;2017-09-01 10:10:31;0;Aura1234
0;19261035;0;[];User;[];0;2016-05-09 06:56:43;0;KhadarBashaShaik
0;21040185;0;[];User;[];0;2016-08-15 14:50:28;0;jorivdbosch
0;32709538;0;[];User;[];0;2017-10-11 13:57:52;0;danevaughan
0;5869165;0;[];Organization;[];0;2013-11-06 11:27:43;0;myszkowxdzielnicaxcudow
0;1770259;0;[];User;[];0;2012-05-23 14:38:22;0;cholly115
0;28697960;0;[];User;[];0;2017-05-15 04:31:51;0;soma1423
0;29225324;0;[];User;[];0;2017-06-06 08:45:21;0;gelokin2201
0;16645798;0;[];User;[];0;;0;aysamy
0;20736868;0;[];User;[];0;2016-07-30 07:20:08;0;ChinjuRaju
0;20266220;0;[];User;[];0;2016-07-03 11:47:47;0;yokeshwaran1
0;16987998;0;[];User;[];0;2016-01-31 15:56:32;0;richard8138
0;;0;[];User;[];0;2017-07-19 16:16:14;0;SophieMDesigner
0;3692027;0;[];User;[];0;2013-02-25 09:03:13;0;dantulurisudheer
0;17547998;0;[];User;[];0;2016-02-29 14:00:34;0;tilabb
0;23186562;0;[];User;[];0;01-11-2016 08:36:06;0;testtest666
0;17556744;0;[];Organization;[];0;2016-02-29 22:33:56;0;viewfind
0;13092916;0;[];User;[];0;2015-06-29 02:41:00;0;wangwei1
0;781141;0;[];User;[];0;2011-05-11 09:45:32;0;ACeye
0;5561755;0;[];User;[];0;2013-09-28 00:44:16;0;MEEPMONSTER
0;22812780;0;[];User;[];0;2016-10-13 09:41:42;0;Arie11
0;25669491;0;[];User;[];0;2017-02-09 17:50:42;0;jingy009
0;30379404;0;[];User;[];0;2017-07-23 00:39:24;0;Maroshqo
0;25922361;0;[];User;[];0;2017-02-21 08:04:12;0;
0;3177819;0;[];User;[];0;2013-01-03 14:29:02;0;vanomel
0;5991137;0;[];User;[];0;2013-11-20 13:26:17;0;T1H2H0
0;31425243;0;[];User;[];0;2017/08/29 00:52:21;0;switshell
0;22903658;0;[];User;[];0;2016-10-18 05:00:32;0;jaimebalb
0;7002660;0;[];Organization;[];0;2014-03-19 19:28:10;0;pibsatelite
0;26268179;0;[];User;[];0;2017-03-08 05:24:55;0;vyomahaldipur
0;31352651;0;[];User;[];0;2017-08-25 15:57:10;0;addy19951129
0;24999944;0;[];User;[];0;2017-01-09 05:18:52;0;annalier
0;13677695;0;[];User;[];0;2015-08-06 11:45:19;0;mert5858
0;34436461;0;[];Organization;[];0;2017-12-11 07:52:46;0;reet2018
0;31733578;0;[];User;[];0;2017-09-07 12:57:39;0;Alvinity
0;18685502;0;[];User;[];0;2016-04-26 17:43:18;0;9978987987
0;19937188;0;[];User;[];0;2016-06-14 19:20:54;0;svaquez
